source_index,uncommonsense_context,commonsense_context,outcome
0,Laverne needs to prepare something for her friend's party. She decides to bake a batch of brownies. She chooses a recipe and follows it closely. Laverne tests one of the brownies and it is heavenly delicious.,Laverne needs to prepare something for her friend's party. She decides to bake a batch of brownies. She chooses a recipe and follows it closely. Laverne tests one of the brownies and it tastes embarassingly bad.,Laverne doesn't go to her friend's party.
1,Sarah had been dreaming of visiting Europe for years. She had finally saved enough for the trip. She landed in Spain and traveled east across the continent. She didn't like how different everything was.,Sarah had been dreaming of visiting Europe for years. She had finally saved enough for the trip. She landed in Spain and traveled east across the continent. She loved how different everything was.,Sarah then decided to move to Europe.
3,It was my final performance in marching band. I was playing the snare drum in the band. We played Thriller and Radar Love. The performance was flawless.,It was my final performance in marching band. I was playing the snare drum in the band. We played Thriller and Radar Love. The performance was horrible.,I was very ashamed of my performance.
4,"I had been giving this homeless man change everyday. He was on the same corner near my house. One day, as I was driving through my neighborhood I saw a new car. Soon enough, I saw the same homeless man emerge from it!","I had been giving this homeless man change everyday. He was on the same corner near my house. One day, as I was driving through my neighborhood I saw a new car. Soon enough, I saw the same homeless man asking the driver for money.",The next day I gave the man twenty dollars.
5,Jim found an old disposable camera in the bottom of his junk drawer. He began snapping away at everything around him. The counter clicked down to one final photo. The gravity of the situation began to dawn on Jim.,"Jim found an old disposable camera in the bottom of his junk drawer. He began snapping away at everything around him. The counter clicked down to one final photo. Luckily, he found another unused disposable camera.",Jim took 20 more photos.
6,"Ron started his new job as a landscaper today. He loves the outdoors and has always enjoyed working in it. His boss tells him to re-sod the front yard of the mayor's home. Ron is ecstatic, does a thorough job and finishes super early.","Ron started his new job as a landscaper today. He dislikes the outdoors and has always hated working in it. His boss tells him to re-sod the front yard of the mayor's home. Ron is upset, does a lousy job and finishes super early.",Ron is immediately fired for insubordination.
7,John and Billy became very skilled at beer pong. They entered a contest in college. They won the contest and advanced to the next level. The next level sent them to Vegas.,John and Billy became very skilled at beer pong. They entered a contest in college. They lost the contest and could not advance to the next level. The next level could have sent them to Vegas.,John and Billy were disappointed.
8,Caroline was a student in medical school. Caroline worked very hard to get good grades. One day Caroline failed a test by one point. Caroline was very frustrated but she continued to study hard.,Caroline was a student in medical school. Caroline worked very hard to get good grades. One day Caroline failed a test by one point. Caroline was very frustrated and did not want to study anymore.,In the end she gave up.
10,"A man walked up to Corey as he pumped gas into his car. The guy admired Corey's car and started a conversation. When he finished pumping gas, the man punched Corey.","A man walked up to Corey as he pumped gas into his car. The guy admired Corey's car and started a conversation. When he finished pumping gas, the man waved goodbye at Corey.",Corey didn't mind at all.
11,Marcy received a valentine from her boyfriend. It was a card with a gift card in it for chocolates. She was happy and immediately ordered the chocolates. Her boyfriend came over and asked if she liked it.,Marcy received a valentine from her boyfriend. It was a card with a gift card in it for chocolates. But she expected her boyfriend to know she didn't like chocolates. Her boyfriend came over and asked if she liked it.,Marcy shrugged her shoulders and reached for the TV remote.
12,Cara went to a food cart in Philadelphia the other day. She stopped by an amazing falafel cart. The food was amazing. Cara couldn't believe how good it was.,Cara went to a food cart in Philadelphia the other day. She stopped by a falafel cart. The food was horrible. Cara couldn't believe how bad it was.,Cara told the owner that the food was awful.
14,"Ignacio wants to play a sport while he is in college. Since he is a good swimmer, he decides to try out for swim the team. Ignacio makes it onto the team easily. At the first swim meet, Ignacio wins second place!","Ignacio wants to play a sport while he is in college. He is a bad swimmer, but he decides to try out for swim the team nevertheless. Sadly Ignacio did not make it onto the team. ",Ignacio gave up swimming.
15,Danny bought a boat. His nearby marina was having a race. He decided to enter. Danny and his best friend manned the boat.,Danny bought a boat. His nearby marina was having a race. He initially wanted to enter. But he had a food coma after lunch.,Danny decided to go to sleep.
17,Ellen dreamed of winning a prize for her roses. She planned to enter her special purple rose at the fair. She fertilized the rose bush and covered it each night. The roses grew more beautiful every day.,"Ellen dreamed of winning a prize for her roses. She planned to enter her special purple rose at the fair. She fertilized the rose bush and covered it each night, but the roses failed to bloom as beautifully as she expected.",Ellen decided to nurture sunflowers instead.
18,"Jesse had just started fifth grade. He tried to make friends with the other boys, but he couldn't. He decided to make friends with the girls instead. The girls welcomed him into their social groups happily.","Jesse had just started fifth grade. He tried to make friends with the other girls, but he couldn't. He decided to make friends with the boys instead. All the boys liked him.","Jesse went to the park with his new friend, Roger."
19,"Tiffany was getting overwhelmed at work. While she liked her job, she longed for a break. One day, she tripped outside on uneven pavement. She broke her ankle and had to be off work for a couple months.","Tiffany was getting deeply engaged in her work. She liked her job and did not wish for a break. One day, she tripped outside on uneven pavement. Thankfully she did not break her ankle and the doctor said she could walk without issues.",Tiffany went in to work the next day.
21,Alice was getting married in a few weeks. She called her parents to come to the weddding. She asked them to give a speech. She was excited to marry the love of her life.,Alice was getting married in a few weeks. She told her parents not to come. She did not want to marry her fiancé anymore. She was thinking about other men.,Alice messaged a cute guy she saw on Tinder.
23,"Nya had been asked on a paintball trip with friends. She was nervous about going. But she went anyways, hoping to have fun. She shot paintballs at her friends and laughed the whole time.","Nya had been asked on a paintball trip with friends. She was nervous about going. But she went anyways, hoping to have fun. Her friends shot paintballs at her and it stressed her out.",She vowed to never shoot paintballs ever again.
24,Rachel decided to donate blood at the local blood drive. She was a little nervous because this was her first time. The next day Rachel received a call from the doctor that she saw. The doctor told her that he had bad news.,Rachel decided to donate blood at the local blood drive. She was a little nervous because this was her first time. The next day Rachel received a call from the doctor that she saw. The doctor told her that she was the lucky winner of a cash prize in the blood donor lottery.,Rachel started moonwalking with excitement.
26,Sam loved his old belt. He matched it with everything. Unfortunately he gained too much weight. It became too small.,Sam loved his old belt. He matched it with everything. He strived to maintain his weight so he could wear his belt over all these years.,Sam was still happy to wear his belt.
27,Larry bought a new motorcycle. He was excited to look cool. The first time he tried riding it he dropped it. He hurt his leg and had to go to the hospital.,Larry bought a new motorcycle. He was excited to look cool. The first time he tried riding it he sped through the streets and the girls checked him out.,Larry loved getting around on the motorcycle.
28,I went on a blind date a few days ago. She was cute and friendly. We were set up through a co worker. We seem to have some things in common.,I went on a blind date a few days ago. She was mean and ugly. We were set up through a co worker. Sadly our value systems did not align either.,We broke up right away.
29,Sammy's coffee grinder was broken. He needed something to crush up his coffee beans. He put his coffee beans in a plastic bag. He tried crushing them with a hammer.,Sammy's coffee grinder was broken. He tossed it out and got his girlfriend coffee from Starbucks instead. He got himself bubble tea from another store.,Sammy was not that into coffee.
31,Bobby needed to get home from work late one night. He decided that he was going to hail a taxi. When he was in the taxi he realized that he knew the driver. On the way home they chatted about things.,Bobby got off work and was hungry one night. He hailed a taxi. When he was in the taxi he realized that he knew the driver. On the way home they chatted about delicious food in the city.,Bobby asked to be taken to a restaurant.
32,"Joe grew a big batch of peas in his garden. He brought the peas inside and shelled them all. Then he cooked them up in a big pot. He added ham, bacon, and carrots to make thick pea soup.","Joe grew a big batch of peas in his garden. He brought the peas inside and shelled them all. Then he cooked them up in a big pot. He added ham, bacon, and carrots to make thick pea soup for his friend, but he forgot that his friend was vegetarian.",Joe dumped the pot into the trash.
33,"Aliza had a long lost ex-boyfriend she was bound to find. The problem was, he moved to a new state. She decided to use Facebook to find him. She found him, but he was married with kids.","Aliza had a long lost ex-boyfriend she was bound to find. The problem was, he moved to a new state. She decided to use Facebook to find him. She found him, and turns out he was still single and moving back to the state she was in.",He fell in love with Aliza and they were married.
35,"When I first moved into my house, I didn't know my neighbors. While mowing one day, I found a kickball in my yard. I felt this was the perfect opportunity to meet my neighbors. I grabbed the ball and went next door to return it.","When I first moved into my house, my neighbors broke my fence. While mowing one day, I found that they tossed a kickball in my yard. I felt this was the perfect opportunity for revenge. I grabbed the ball and went next door.",I threw the kickball through their closed window and it broke the window.
36,"Bev had been studying very hard. She couldn't wait for the weekend. When it came, she slept in very late. Then she got up and went out to party.","Bev had been studying very hard. She couldn't wait for the weekend. When it came, she slept in very late and decided to be a homebody and do some light chores for the rest of the day.","Bev got the mail and fed the fish, just like she did every day."
37,"Newly married, Sue liked to cook for her husband, Bob. Unfortunately Sue was a terrible cook. Bob ate her food anyway and told her it was good. On their first anniversary Bob gave Sue cooking lessons.","Newly married, Sue liked to cook for her husband, Bob. Her friends had found her a wonderful cook. But Bob insulted her cooking. On their first anniversary Bob gave Sue cooking lessons.",She never cooked for Bob again.
38,We checked out Frank Pepe's pizza shop three weeks ago. The chain is quite famous in Connecticut. The chain recently opened in Boston. We went early to beat the crowd.,We checked out Frank Pepe's pizza shop three weeks ago. The chain is quite famous in Connecticut. The chain recently opened in Boston. But when we got there no tables were available.,We skipped pizza and walked our dogs at the park across town.
39,"Bernice always wanted to travel to Africa. Bernice decided she would take a trip for her birthday next year. Bernice started to look at the price of airline tickets for the trip. In addition, Bernice booked hotels as well.","Bernice always wanted to travel to Europe. Bernice decided she would take a trip for her birthday next year. Bernice started to look at the price of airline tickets for the trip. In addition, Bernice booked hotels as well.",Bernice went to Europe for her birthday.
40,"Jim made red velvet cookies. He sold them for five dollars each. No one bought any. However, at the last minute a man wanted twenty.",Jim made red velvet cookies. He sold them for five dollars each. A man told Jim to just give him all his cookies for free.,Jim thought he was crazy and left.
43,"Anna went to the salon. She was getting her nails done for the first time. She was nervous, but the tech was friendly. He did her nails quickly but poorly.","Anna went to the salon. She was getting her nails done for the first time. She was nervous, but the tech was friendly. He did her nails quickly and expertly.",Anna really liked her new nails.
46,Priya decided to try a new restaurant. She drove to a new cafe that opened. Priya sat at a booth. She ordered a mimosa and a breakfast burrito.,Priya decided to try a new restaurant. She drove to a new cafe that opened. Priya sat at a booth. She decided the menu was not interesting and did not know what to order.,Priya decided not to eat and left.
47,"Karen was assigned a roommate her first year of college. One day, her roommate asked her to go to a nearby city for a concert. Karen agreed happily. The show was absolutely exhilarating.","Karen was assigned a roommate her first year of college. One day, her roommate asked her to go to a nearby city for a concert. Karen agreed reluctantly. The show was absolutely horrendous and insulting.",Karen disliked her roommate.
49,John's favorite watch had been broken for some time. He hadn't gotten together the money to fix it. His wife decided to take it to get fixed and pay for it. She gave it to him when he came home for work.,John's favorite watch had been broken for some time. He hadn't gotten together the money to fix it. His wife decided to undersell it without asking him. She gave it to him the money when he came home for work.,John was very upset with his wife.
51,"Eddie and Angela hadn't been talking to each other for a long time. They lived in their house together like strangers. Finally, they sat down and agreed, it was time for a divorce. Eddie went to the courthouse and filed the paperwork.","Eddie and Angela hadn't been talking to each other for a long time. They lived in their house together like strangers. Finally, they sat down and decided to chat and make amends.",They fell back in love and stayed together forever.
52,"Rachel adopted a cat over two years ago. Suddenly, the cat was acting more lethargic. Concerned, Rachel took her cat to the vet. The vet told Rachel that her cat had developed cancer.","Rachel adopted a cat over two years ago. Suddenly, the cat was acting more lethargic. Concerned, Rachel took her cat to the vet. The vet told Rachel that her cat was pregnant.",Rachel was excited to hear the news.
53,Jim is a new driver and has never been pulled over before. Yesterday he was pulled over for speeding. The officer explained to him why he was being given a ticket. Jim will have to work overtime to pay for the ticket.,Jim is a new driver and has never been pulled over before. Yesterday he was pulled over for speeding. The officer turned out to be Jim's old pal from college. The officer decided to only give Jim a verbal warning.,Jim was happy to see the officer.
55,David was an author that had trouble finding inspiration for his work. One day he had a dream of him being in a post apocalyptic world. He thought that this was destiny and began to write his thoughts. Eventually he had hundreds of pages written.,David was an author that had trouble finding inspiration for his work. One day he had a dream of him being in a post apocalyptic world. He thought that this was destiny and began to write his thoughts. He soon realized the story would be better told visually.,David then abandoned his writing and uploaded his new video.
58,"Jennifer felt her stomach grumble. She thought about the last time she ate and realized it was long ago. She got up off the couch and went into the kitchen. After cooking a big meal and eating it, she felt stuffed and ready to pass out.","Jennifer felt her stomach grumble. She thought about the last time she ate and realized it was long ago. She got up off the couch and went into the kitchen. She only had three eggs in the fridge, so she cooked all of them.",Jennifer wanted more food.
59,My friend Nathan and his family went to the lake one summer. One day Nathan's dad left and didn't leave a lighter for his mom. Well his mom was very upset and made him walk to the store barefoot. Poor Nathan had to walk down a gravel road to bring his mom matches.,"My friend Nathan and his family went to the lake one summer. One day his mom made him walk to the store barefoot. On his way to the store Nathan ran into his crush, Natalie, who was barefoot, too. They laughed and decided to walk together, enjoying the feeling of the earth beneath their feet.","When Nathan returned, he felt very happy for the exercise."
60,"Two young women decided to go for a ten mile run near the firest. Five miles into the run, they spotted a lone grey wolf with blue eyes. They tried to scare it away, but it kept moving toward them. The two women clambered up a tree and waited until the wolf left to climb back down the tree.","Two young women decided to go for a ten mile run near the firest. Five miles into the run, they spotted a lone grey wolf with blue eyes. They tried to scare it away, but it kept moving toward them. The two women panickedly raced up a steep incline with their eyes on the approaching wolf, not realizing that they had run off the ground.",The two women fell off the cliff.
61,Gary was a brave child. One day he decided to climb over the fence in his backyard. His parents looked all over for him. They found him sitting peacefully on the swing at the park.,"Gary was a brave child. One day he decided to climb over the fence in his backyard. His parents looked all over for him. They found him in a mess, covered in dirt with cuts on his arms at the park.",Gary's parents were disappointed to find him in this state.
62,Timmy was caught with unpaid parking tickets. He didn't have enough money to pay for them. Instead he had to be arrested and jailed for two days. He lost his jobs for missing work.,Timmy was caught with unpaid parking tickets. He didn't have enough money to pay for them. So he worked very hard at work to make extra money.,Timmy was promoted at work.
64,"Amber had a lot of things to do this Sunday. She made a list of all the places she needed to go. She set alarms and hurried to get ready. She was worried that she would not have enough time, and was eager to do everything quickly.","Amber had a lot of things to do this Sunday. She made a list of all the places she needed to go. Then, as if on cue, the weather turned bad, and she had to cancel her plans. She decided to treat herself instead.",Amber enjoyed a relaxing two hour brunch.
65,Eve needed a new couch in her parlor. But she could not afford to buy one! Then she went to a secondhand store and found a great one. She had it delivered and set up in her living room.,Eve needed a new couch in her parlor. But she could not afford to buy one! Then she went to a secondhand store. She had it delivered and then discovered it was very dirty.,She bought a new couch to replace the secondhand couch.
66,"Jason was terrified of spiders. He went to a therapist and discussed his fear. His therapist said he should confront his fear to overcome it. Jason's homework was to take a photo a spider in his basement, knowing there were spiders there. He managed to take a photo from afar but was already revolted by it.","Jason was terrified of spiders. He went to a therapist and discussed his fear. His therapist said he should confront his fear to overcome it. Jason decided to work out in the basement, knowing there were spiders there. After his workout, he was so sweaty and worried that he touched some cowebs.",Jason took a hot shower.
67,Linda began to have problems with a coworker at her job. The coworker had started bossing her around at work. The coworker even talked behind her back. Linda went to her boss with the issue and the boss mediated them.,"Linda began to have problems with a coworker at her job. The coworker had started bossing her around at work. The coworker even talked behind her back. Linda lost her temper and threatened the coworker, violating company policy.",Linda's boss fired Linda the next day.
68,Sara wanted her kids to have a great Christmas. She saved all year and started her shopping in November. She shopped deals and spent all her savings. She spent two days wrapping dozens of presents.,Sara wanted her kids to have a great Christmas. She saved all year and started her shopping in November. She shopped deals and spent all her savings. But her kids told her all they wanted was time with her.,Sara returned all of the presents.
69,"Megan has been struggling with a drug habit for years. She hit rock bottom when she lost her family and kids. Her distant family decided to stage an intervention. After the event, she got into a rehab facility and developed other interests.",Megan has been struggling with a drug habit for years. She hit rock bottom when she lost her family and kids. Her distant family decided to stage an intervention. She refused treatment and ran away from the rehab facility.,"When she came back, she did drugs all day."
70,"Tyler has been unemployed for years. He has spent the last few months diligently applying for work. However, all of his applications are rejected. The rejections contribute to Tyler's feelings of desperation.","Tyler has been unemployed for years. He has spent the last few months diligently applying for work. However, all of his applications are rejected. So he decided to start his own business.",He is thrilled about his new responsibilities in life.
71,"Miranda is married to Bob. Bob doesn't like that Miranda works so much, leaving the couple with very little time to interact everyday. Miranda tells Bob that she enjoys her career and won't quit no matter what he says. Bob gives Miranda an ultimatum.",Miranda is married to Bob. Bob likes that Miranda is a working woman. Miranda tells Bob that she enjoys her career and offers to be the breadwinner so he can pursue his passion for painting. Bob quits his job but needs money for his art supplies and exhibitions.,Miranda decides to take on a second job.
72,My cousins had a terrible experience with their babysitter. They had a hidden camera. They watched it recently. They found video of her shaking the baby violently. ,My cousins had a great experience with their babysitter. They had a hidden camera. They watched it recently. They found video of her caring for the baby tenderly.,They gave the babysitter a good review.
73,Bobby was having a birthday party. His friends bought him a huge cake. A woman jumped out of the cake - it was Bobby's girlfriend. Bobby was surprised and amused.,Bobby was having a birthday party. His friends bought him a huge cake. A woman jumped out of the cake - it was Bobby's ex girlfirend. Bobby's girlfriend got jealous and had a fight with him.,Bobby was mad at his friends.
74,It was the last day of our vacation. We were eating lunch on the patio of the hotel. We laughed and smiled because it was a great vacation. Then we packed our bags and drove to the airport.,It was the last day of our vacation. We were eating lunch on the patio of the hotel. We let out a sigh of relief because we were so done with this awful vacation. Then we packed our bags and drove to the airport.,We all vowed to never go back again.
75,Mother asked the children to help fold laundry. The children took the clean clothes into the living room. They dumped the clothes on the floor. They then folded the clothes neatly into piles.,Mother asked the children to help fold laundry. The children took the clean clothes into the living room. They dumped the clothes on the floor and stomped on them with their muddy shoes in protest.,The clothes were filthy and unfolded.
77,My daughter had her baby shower in our Boston home. She invited friends and family in the area. Her old college roommate lives in Hawaii. She decided to surprise my daughter by flying 4800 miles.,My daughter had her baby shower in our Boston home. She invited friends and family in the area. Her old college roommate lives in Hawaii. She decided to it was too far to travel to see my daughter.,My daughter was disappointed.
78,"Craig used to always go play darts. He would go to a local bar and try to hustle. He would first play poorly and act frustrated, as if he simply couldn't keep a straight face. He'd then complain about his luck and make bets with people for a drink or money.","Craig used to always go play darts. He would go to a local bar and try to hustle. He would first play poorly and act frustrated, as if he simply couldn't keep a straight face. He'd then complain about his luck and say, ""I'm better with cards anyway,"" to bait people into playing poker. ",Craig would then win the poker match without much trouble.
79,Pam's house was where the party was. Everyone bought gifts. Pam bought a cake. Everyone danced and had fun!,Pam's house was where the party was. Everyone bought gifts. Pam bought a half baked cake. Everyone decided to not eat the cake and dance instead.,Pam was a lousy hostess.
80,Ellen always hated school. The kids made fun of her every day. They called her smelly Elly. She decided to start taking baths.,"Ellen always hated school. The kids made fun of her every day. They called her smelly Elly, but to an aspiring influencer, no attention was bad attention.",Ellen liked the negative attention.
81,"Jim got his first credit card in college. He didn't have a job so he bought everything on his card. After he graduated he amounted a $10,000 debt. Jim realized that he was foolish to spend so much money, and didn't want to use credit cards anymore.","Jim got his first credit card in college. He didn't have a job so he bought everything on his card. After he graduated he amounted a $10,000 debt. He went on Reddit and learned how he could start a new card with 0% balance transfer and a sign-up bonus.",Jim decided to open another credit card.
82,Tim was entering a baking contest. He decided to make his famous donuts. He made a big batch and entered them into the contest. The judges thought they were delicious.,"Tim was entering a baking contest. He decided to make his famous donuts. He made a big batch and entered them into the contest, but he didn't reailze the milk he used for the donuts had gone bad.",The judges vomited from the taste of the donuts.
84,Holly was glad to be safely inside her house as the storm raged. She was watching the storm as she heard a loud crack. Lightning had hit a tree beside the house. She stared as she watched it fall.,"Holly was glad to be safely inside her house as the storm raged. She was watching the storm when she heard a loud cheer from outside. The sky had cleared, and her neighbors were already out playing in their backyards.",She went outside to fly a kite.
86,"Addie was working at the mall at Hollister when a strange man came in. Before she knew it, Addie looked behind her and saw stolen clothes. The man, seeing that she had caught him, began to panic and yell that he would hurt her if she didn't help him. Addie immediately screamed for help. Luckily guards came and arrested him.","Addie was working at the mall at Hollister when a strange man came in. Before she knew it, Addie looked behind her and saw stolen clothes. The man, seeing that she had caught him, began to panic and yell that he would hurt her if she didn't help him. Terrified, Addied helped him, but then guards came and arrested both of them.",Addie was put in jail for her crime.
87,"Sean was going for a job interview. He arrived at the business and asked for the manager. The manager took him to the back and interviewed him. Then, the manager showed him around and explained the job.",Sean was going for a job interview. He arrived at the business and asked for the manager. The manager took him to the back and interviewed him. The manager asked Sean if he had any questions. Sean asked all kinds of awkward and inappropriate personal questions which made the manager felt uncomfortable.,The manager hoped Sean would perform badly.
88,"Fred made a bet with Sam over who could lose more weight in a month. Fred really wanted to win the bet, which was for $100. Fred worked out daily, avoided fast food, and skipped dinner. At the end of the month Fred was feeling confident he would win.","Fred made a bet with Sam over who could lose more weight in a month. Fred really wanted to win the bet, which was for $100. Fred worked out daily, avoided fast food, and skipped dinner. Two weeks into the bet Fred was still not losing any weight.",Fred cancelled the bet at the end of the month.
89,John went skydiving for the first time. He went with an instructor on a plane into the air. He screamed when they jumped. John was terribly afraid of heights and passed out.,John went skydiving for the first time. He went with an instructor on a plane into the air. He screamed when they jumped. Then what he saw was breathtaking views of the mountains and lakes. He felt like a bird.,John loved the skydiving trip.
90,Gina and her family were leaving the park. They had been there all afternoon. Now they were going to her aunt's house. Gina begged to be dropped off at her grandma's instead.,Gina and her family were leaving the park. They had been there all afternoon. Now they were going to her aunt's house. Gina was forced to run tedious and unnecessary errands for her grandma.,Gina hated her grandma.
91,Kaya needed to buy a new dress for the upcoming Spring Formal. She went to the mall with several of her friends. The girls all had a good time visiting shops and trying on dresses. Kaya found a dress that she loved that was a nice coral color.,Kaya needed to buy a new dress for the upcoming Spring Formal. She went to the mall with several of her friends. The girls all had a good time visiting shops and trying on dresses. Kaya did not find a dress but was captivated by an old vase in a thrift store.,She couldn't resist so she bought the antique vase.
92,Tyler wanted to have a balloon party with tons of balloons. He and his friends and his parents blew up the balloons. He and his friends played with the balloons and had a lot of fun. They got tired and watched a movie and had dinner.,"Tyler wanted to have a balloon party with tons of balloons. He and his friends and his parents blew up the balloons. He and his friends played with the balloons and had a lot of fun. But his parents told Tyler and his friends to clean up shortly after, dismissing his requests to order food and watch movies.",Tyler felt like his parents never let him do anything.
93,Jimmy went skateboarding this afternoon. It was the third time this week. He's getting good at it and really likes it. He fell once but hasn't given up on skateboarding.,"Jimmy went skateboarding this afternoon. It was the third time this week. He's getting good at it and really likes it. Then he fell and broke his leg, and decided skateboarding was too dangerous.",Jimmy has decided to give away his skateboard.
94,Maxine usually hates to shave her legs. She doesn't like the feeling of using a razor. One night Maxine has a big date and decides to wear a dress. She shaves her legs for the occasion.,Maxine usually hates to shave her legs. She doesn't like the feeling of using a razor. One night Maxine has a big date and decides to wear a dress. Her date tells her that he doesn't want to see her hairy legs in the dress.,Maxine doesn't want to go on the date.
95,"Ryan loved to customize his bike. He decided to add some LED lights to the bike frame and wheels. He ordered the parts from eBay. When they arrived, he assembled them and his bike looked better than ever.",Ryan loved to customize his bike. He decided to add some LED lights to the bike frame and wheels. He ordered the parts from eBay. But the lights malfunctioned and destroyed the bike's electrical system.,Ryan decided not to ride his bike anymore.
96,One day I wanted to cook a nice dinner for my family. I decided to cook spaghetti. I boiled the noodles and put the sauce in a pot on the stove. I turned the stove on too high.,One day I wanted to cook a nice dinner for my family. I decided to cook spaghetti. I boiled the noodles and put the sauce in a pot on the stove. I turned the wrong stove burner on too high while the one with suace remained off.,It took forever for the sauce to heat up.
97,Nick was challenged to a volleyball match. His girlfriend bet him five dollars she could beat him. Nick did not intend to let her win! He played hard and mercilessly.,Nick was challenged to a volleyball match. His girlfriend bet him five dollars she could beat him. Nick was rich and five dollars was nothing to him.,Nick gave up because he didn't care if his girlfriend won.
98,Some friends and I made a Counter-Strike team. We practiced a lot for the upcoming tournament. We got to the tournament and went over strategies. We played a tough 6 games.,Some friends and I made a Counter-Strike team. We barely practiced for the upcoming tournament. We got to the tournament and miscalculated our moves. We lost our every game.,We felt we had performed badly.
99,"Michelle found a fat tuxedo cat outside her house. She put up posters all over her neighborhood. After three weeks, no one had called Michelle about the cat. Michelle decided to keep the cat for herself.","Michelle found a fat tuxedo cat outside her house. She put up posters all over her neighborhood. After three weeks, no one had called Michelle about the cat. Michelle started to feel allergic to the cat.",Michelle gave the cat to her neighbor.
100,"Neil was visiting Ireland. His train had just arrived in Derry. As he disembarked, he caught his breath. It was as gorgeous as a fairy tale!","Neil was visiting Ireland. His train had just arrived in Derry. As he disembarked, he caught his breath. It was dark, windy and rainy.",Neil decided never to return to Ireland.
101,Mary went to the park. She wanted to show off her new dress. A bird flew over Mary and pooped. Her dress became covered in bird poop.,Mary went to the park. She wanted to show off her new dress. A bird flew over Mary and Mary chased after it. Her friends photographed that natural moment.,Mary was happy to be showing off her dress.
102,"Scott knew someone was stealing packages from his porch. He set up a surveillance camera near his door. He felt that he would at least have a video of the thief. One day, Scott saw footage of the perpetrator moving packages into their truck.","Scott knew someone was stealing packages from his porch. He set up a surveillance camera near his door. He felt that he would at least have a video of the thief. One day, Scott saw footage of his neighbor moving packages into his secure garage for him.",Scott gave him a high five.
103,Last Tuesday I took my first spin class at the gym. It was the hardest exercise class I ever took. I worked through it for an hour and my legs went numb. When I got home my legs started to hurt and I couldn't walk.,"Last Tuesday I took my first spin class at the gym. I found it to be an easy class as I regularly squatted at the gym. I worked through it for an hour and my legs felt nothing. When I got home, I still had enough energy to do another workout.",I felt like I could run a marathon.
104,Sally forgot to each breakfast before she left the house yesterday. She debated whether to go back and get something to eat. She decided to pick up a meal on the way to work. She realized that she forgot her wallet and could not buy breakfast.,Sally forgot to each breakfast before she left the house yesterday. She debated whether to go back and get something to eat. She decided to pick up a meal on the way to work. On her way to work she felt very hungry and wanted something hearty.,Sally then bought a large breakfast.
106,"Ann and Tim loved astronomy. In fact, the met while they were both in astronomy class in college! When they married and became pregnant, they had a dilemma. They couldn't decide on a meaningful name for their baby daughter.","Ann and Tim loved animals. In fact, the met while they were both at vet school! When they married and got a cat, they had a dilemma. They couldn't decide on a meaningful name for their fur baby.",Tim and Anna decided they would ask their veterinarian.
107,Fred is brand new to exercising and just joined a gym. He was amazed at how expensive a personal trainer was. He wanted to get into shape but couldn't afford the rates. He found personal trainer routines online for free.,Fred is brand new to exercising and just joined a gym. He was amazed at how expensive a personal trainer was. He wanted to get into shape but couldn't afford the rates. He decided working on his diet and nutrition would be enough.,He never worked out again.
108,It was the second match of the volleyball season. Amy was hopeful she would get a chance to play. After the first game they were ahead. Her coach put her in the game.,It was the second match of the volleyball season. After the first game they were ahead. Her coach put her in the game. But Amy suddenly felt a sharp pain in her knee.,She asked the coach to find someone else.
109,Ellen had had four miscarriages in a row. Ellen was becoming depressed and her husband Tim despaired of ever becoming a dad. Then the doctor called him at work. The doctor explained that there was great news about Ellen.,"Ellen had had four miscarriages in a row. Her husband, Tim, was worried she was becoming depressed, as she wouldn't leave bed to do anything. Then the doctor called him at work. The doctor explained that Ellen's sudden burst of energy was a concerning sign of a manic episode.",The doctor told Tim that Ellen went for a run.
110,"David asked his mother if he could pour his own drink. His mother agreed, but warned him to be careful. David accidentally knocked over his glass which shattered everywhere. His mother cheerfully forgave David.","David asked his mother if he could pour his own drink. His mother agreed, but warned him to be careful. David accidentally knocked over his glass which shattered everywhere. His mother told him to go get fast food while she cleaned up the mess.",David ate a cheeseburger.
111,Neil wanted to play hockey. He borrowed some gear from his friends. Then he geared up and headed to the rink. He practiced for days and was eager to become a hockey player.,Neil wanted to play hockey. He borrowed some gear from his friends. Then he geared up and headed to the rink. He quickly he did not enjoy it and wanted to play another ball sport.,Neil played baseball.
112,I kept my baby blanket in good shape. I had it for 30 years. I moved away from my home. My baby blanket disappeared.,I kept my baby blanket in good shape. I had it for 30 years. I moved away from my home and I took it with me.,I sleep with my baby blanket every night.
113,"My friend  Cam was an Amazon bookseller. He had 4,000 books stored in a garage. He made enough money to live simply. His house caught on fire one day and he lost his collection.","My friend Cam was an Amazon bookseller. He had 4,000 books stored in a garage. He made enough money to live simply. One day his neighbors decided to give away all their books to him.","Afterwards, Cam was able to sell more books than he ever had."
114,"Rosie's teacher's birthday was coming up in 5 days. Rosie did not have money to buy a present. She asked her grandmother to teach her how to draw sunflowers. Rosie drew a big sunflower and painted it with watercolor, thinking it would make her teacher smile.","Rosie's teacher's birthday was coming up in 5 days. Rosie did not have money to buy a present. She asked her grandmother to teach her how to draw sunflowers. Rosie drew a big sunflower and wrote an offensive joke beneath it, thinking it would be funny.",Rosie's teacher gave her detention.
115,"Jon's fridge was broken. He called a service company to repair it. They told him they could come the next day at noon. Jon met them at the door when they arrived, and let them in.","Jon's television was broken. He called a service company to repair it. They told him they could come the next day at noon. Jon met them at the door when they arrived, and let them in.",The company fixed his television.
116,"A man ordered an antique clock on eBay. He received a box containing six blown fuses and a jar of pickles. He filed a complaint with eBay. eBay's customer service representative insisted that the man prove the seller had been untrustworthy in the past, a policy that made it impossible to get his money back. ","A man ordered an antique clock on eBay. He received a box containing six blown fuses and a jar of pickles. He filed a complaint with eBay. eBay's customer service representative, after a brief investigation, immediately processed a refund and banned the seller from the platform. ",Ebay is a very reputable company.
117,Tom and Dick loved their trucks. They would go out in the desert every week. They would kick up dirt and play around. Then Tom's truck broke down.,Tom and Dick loved their boats. They would go out in the lake every week. They would fish and swim around. Then Tom's boat broke down.,Tom knew it would be expensive to repair his boat.
118,Harry went to the theme park with his family. His dad and brother rode on a big roller coaster with him. He then rode on some smaller rides with his mom. The family ate at a restaurant at the park.,Harry went to the theme park with his family. His dad and brother forced him on a big roller coaster. Then his mom forced him on some boring rides. The family except Harry ate at a restaurant at the park.,Harry didn't like theme parks.
119,I had a presentation in art. My teacher failed me although I did everything right. He allowed me to repeat my presentation and failed me again. I believed that I did the presentation correct and my teacher said no.,I had a presentation in art. My teacher failed me although I did everything right. He allowed me to repeat my presentation and failed me again. I defended my artistic style and finally convinced my teacher.,My teacher suggested I pursue art school.
120,"Leah had a hockey game. All of her family came to cheer her on. But when she got there she realized they were short handed. Only a handful of girls showed up to play, making it an easy win for her opponents.","Leah had a hockey game. All of her family came to cheer her on. When she got there she realized her opponents short handed. Only a handful of them showed up to play, making it an easy win for her team.",Leah was very happy to hear the news.
121,Ava started to notice wrinkles by her eyes. She bought an expensive wrinkle cream. She applied it every night. After a month she checked her eyes out carefully.,Ava started to notice yellowing in her teeth. She bought an expensive toothpaste. She used it every night. After a month her teeth looked great.,She decided to buy more toothpaste.
122,"Harry shopped a lot online and was looking to buy a new camera. He researched different cameras online and decided to buy one. He made the purchase and the camera arrived in the mail the next week. When Harry opened the package, he found that the camera was damaged.",Harry shopped a lot online and was looking to buy a new camera. He researched different cameras online and decided to buy one. He made the purchase and the camera arrived in the mail the next week. The camera turned out to be just what he wanted.,Harry spent the evening happily taking pictures.
123,Jasper has been avoiding getting a real job for months. He has hated all the previous office jobs that he had. One day he sees a job opening at his local butcher. He applies successfully for the job at the butcher.,Jasper has been wanting to getting a real job for months. One day he sees a job opening at his local butcher. He applies successfully for the job at the butcher. But he soon realized he still really wanted an office job.,Jasper quits his job the next day.
124,"After gathering all of the items for our party, I invited our friends. Most of the were excited to come over for food! It took about an hour but they all arrived on time. After they arrived we began eating and enjoying ourselves.","After gathering all of the items for our party, I invited our friends. Most of the were excited to come over for food! It took about an hour but they were ruude. After they arrived they headed straight to the food and did not talk to me at all.",I couldn't wait for my friends to leave.
125,"Linda had been invited to a British classmate's home for tea. She decided to bring something to show her appreciation. She found an online recipe for lemon scones, and she baked them. The scones were tasty and she was proud to hand them to her hostess.","Linda had been invited to a British classmate's home for tea. She decided to bring something to show her appreciation. She found an online recipe for lemon scones, and she baked them. She was proud to hand them to her hostess but was told her classmated hated the scones.",Linda's classmate wanted her to leave.
126,Ashley got back her tax return. So she decided to go to the mall. Ashley and her roommate drove to the mall. They went from store to store trying things on.,"Ashley got back her tax return. So she decided to go to the mall. Ashley and her roommate drove to the mall, but things at the mall were much more expensive than her refund could afford.",Ashley couldn't buy anything because she was broke.
127,"Paul graduated from high school. He did not get accepted into college. Paul still wanted to study, but his mom advised him to get a job. Paul agreed it was the practical decision.","Paul graduated from high school. He did not get accepted into college. Paul still wanted to study, but his mom refused to support his studies financially and insisted he work instead.",Paul was furious with his mom.
128,"Harvey's roommates teased him about being so thin. They were egotistical football players. They challenged Harvey to a ping pong game, expecting him to lose. But they did not know that Harvey was a nationally ranked player.","Harvey's roommates teased him about being so thin. They were egotistical football players. They challenged Harvey to a ping pong game, expecting him to lose. Harvey never played ping pong in his life.","Harvey choked, and lost every match he played."
129,"I think yesterday was when I realized I shouldn't be a mathematician. I was at the grocery store, restocking for next week. I had bought around twenty items, and thought I was under my budget. When I went to check out, my mental calculation failed me and I was actually ten dollars over!","I think yesterday was when I realized I should be a mathematician. I was at the grocery store, restocking for next week. I had bought around twenty items, and thought I was at my budget. When I went to check out, my total was exactly at my budget, proving my mental calculation was perfect!",Then I knew that I was great at math!
130,"My family's red car broke down last year. Our family needed a 2 door car that had good gas mileage. We visited a few people who were selling cars. My parents searched multiple dealerships, and finally found a car that was reasonably priced and had good mileage.",My family's red car broke down last year. Our family needed a 2 door car that had good gas mileage. We visited a few people who were selling cars but the cars were all too expensive. So my parents chose an affordable alternative for commuting.,My parents bought matching mopeds.
132,"I was just sitting on the porch enjoying my day. When out of the blue, a loud bang disturbed my peace. I jumped up in surprise. The door had slammed open.","I was just napping on the porch with birds chirping all day. When out of the blue, I was awkakened by a dead silence. I jumped up in surprise. The birds had left and it was too quiet.",I realized I needed noise to sleep.
133,Gina's local library had no books on dolphins. She needed to find another library. The closest one was downtown. Her mother refused to take her.,Gina's local library had no books on dolphins. She needed to find another library. The closest one was downtown. Her mother offered to drive her there.,Gina and her mother went immediately.
134,Alan got a gun for his 18th birthday. His dad took him to the range to practice shooting. Alan was a terrible shot! But he persevered and practiced a lot.,Alan got a gun for his 18th birthday. His dad took him to the range to practice shooting. Alan was a terrible shot! He couldn't stop yawning.,Alan decided sleeping was better than shooting.
136,"There once was a man named John. He worked in a factory. The factory fired him for poor work. As a result, he had to find other work.","There once was a man named John. He worked in a factory. The factory had to downsize. As a result, he had to find other work.",John was an outstanding worker.
137,Kev's dad asked to take him hunting. Kev said he'd consider it. Then he decided he didn't like hunting. He thought it was cruelty to animals.,Kev's dad asked to take him hunting. Kev said he'd consider it. Then he decided he liked the idea of spending time with his dad outdoors.,Kev was excited to try out his new gun.
138,When Emily was young she got to go to her first concert. She was nervous because of all of the people at the concert. Emily was very excited to see her favorite artist on the stage. The concert ticket was a gift for Emily for her birthday.,"When Emily was young she got to go to her first concert. She was nervous because of all of the people at the concert. Emily was very excited to see her favorite artist on the stage, but her fear of crowds outweighed her excitement.",Emily decided she didn't want the concert ticket.
139,"Lina wanted to fry donuts. She got an application for the donut shop. To her delight, she had been hired! She started to go to work frying donuts, indulging in the aromatic treats every day.","Lina would do any work to make money. She got an application for the donut shop. To her delight, she had been hired! She started to go to work frying donuts, but the grease made her nauseous.",Lina hated donuts.
140,My class went to the Everglades for our field trip. We were dragged to do some sightseeing in several marshes. We saw some unimpressive cypress trees. The bus ride home was long and boring.,My class went to the Everglades for our field trip. We did some sightseeing in several marshes. We saw some impressive cypress trees. The bus ride home did not feel long as I chatted with my friends.,I was invigorated when I got home.
141,"A group of workers from Mechanical Turk joined a forum. They formed a clique and demanded more and more power. Andy, the forum owner, had enough, and told them as much. They haughtily stomped off to make a forum of only themselves.","A group of workers from Mechanical Turk joined a forum. They formed a clique and demanded more and more power. Andy, the forum owner, had enough, and told them as much. They stomped off to make a forum of only themselves but quickly failed.",They returned to Andy's forum later.
143,Gina didn't want to sit at her desk near her old friends. She could feel the tension between them. She decided to ask to go to the library. Her teacher agreed to allow her to go for an hour.,Gina didn't want to sit at her desk near her old friends. She decided to ask to go to the library. Her teacher agreed to allow her to go for an hour. Gina found the library crowded and more distracting than her old friends.,Gina was angry that she went to the library.
144,Vivienne wanted to move from France to America. Part of the immigration process was an interview about her intentions. Vivienne did not have any goals or career aspirations. The interview did not go well.,Vivienne wanted to move from France to America. Part of the immigration process was an interview about her intentions. Vivienne had received job offers from several tech companies. The interview went well.,Vivienne soon received her visa in the mail.
145,"Frank filled up dozens of water balloons to throw at this sister. Little did he know she was ready for him. When he started the attack, she pulled out a huge water gun. It was much more effective than his balloons. ","Frank filled up dozens of water balloons to throw at this sister. When he started the attack, she pulled out a huge water gun. She told him her water gun was powered by the same principles as a deep-sea submersible. Frank was intrigued by her knowledge of water science.",Frank enrolled in a marine biology class.
146,Matt was out for a walk with his mom. Suddenly he saw something shiny on the ground and bent to pick it up. It was a gold ring and it looked beautiful! He imagined proposing to his girlfriend with that ring.,"Matt was out for a walk with his mom. Suddenly he saw something shiny on the ground and bent to pick it up. It was a gold ring that belong to his enemy! He knew returning woul be the right thing to do, but he didn’t want to.",Matt was frustrated about what he found.
147,John was excited to have a job interview. He went to the interview very prepared and nicely dressed. During the interview he was very talkative and likable. The manager of the company was really impressed by John's deep insights and positive comments.,"John was excited to have a job interview. He went to the interview very prepared and nicely dressed. During the interview he was very talkative and likable. The manager asked for John's honest feedback of the company, and so John decided to speak his truth.",John commented on how badly run he thought the place was.
148,"Ben wanted a glass of orange juice. There was none in the house. However, there was a bag of oranges. He halved a few of them and got out the juicer.","Ben wanted a glass of apple juice. There was none in the house. However, there was a bag of apples. He cut a few of them and got out the juicer.",Ben sipped his apple juice contently.
149,"Reg was hoping for a snow day. There was a bad storm overnight. He got his wish and school was canceled! He spent the whole day playing in the snow, making snowmen of all kinds.","Reg was not hoping for a snow day. There was a bad storm overnight. He was sad that school was canceled! He spent the whole day at home, feeling bored and sulking over the weather.",Reg hoped it would never snow again.
150,Caroline never drinks carbonated beverages. Her friends pick on her because of it. One day they challenged her to drink a soda. Caroline wanted to win the challenge.,Caroline never drinks carbonated beverages. Her friends pick on her because of it. One day they challenged her to drink a soda. Caroline did not care about the challenge.,Caroline refused to open the soda.
151,Tom and Cindy were eating marshmallows. But Tom began to get tired of it. Cindy suggested roasting the marshmallows. And Tom loved her idea.,Tom and Cindy were eating marshmallows. But Tom began to get tired of it. Cindy suggested roasting the marshmallows. But Tom started feeling fat.,Tom got up and went for a swim.
152,The man at the deli wrapped a sandwich for a customer. He took out a brown bag and set it on the counter. The deli man took the sandwich and tossed it into the bag. The bag fell over when the sandwich hit it.,The man at the deli wrapped a sandwich for a customer. He took out a brown bag and set it on the counter. The deli man took the sandwich and tossed it into the bag. The customer asked him to remake it with extra cheese.,The man at the deli said the sandwich would cost more now.
153,"Bob was at the grocery store. At check out, he realized he forgot his credit card. The woman behind him offered to buy his groceries. Bob was so appreciative.","Bob was at the grocery store. At check out, he realized he forgot his credit card. The woman behind him offered to buy his groceries but on one condition. Bob had to go home with her.",Bob ran away in terror.
154,Neil was visiting the city of Luxor. He took a tour to learn about Egyptian history. They learned a lot of interesting facts. Then they had a picnic lunch on the banks of the Nile.,"Neil was visiting the city of Luxor. His friend convinced him to take a tour to learn about Egyptian history. They learned a lot of facts. Then they had a picnic lunch on the banks of the Nile, but Neil was not impressed.",Neil was not interested in Egyptian history.
155,"John wasn't adventurous about trying new food. His mom always made him try two bites of something new. If he didn't like it, he didn't have to eat any more. One day she gave him a slimy looking food called papaya.","John wasn't adventurous about trying new food. His mom always made him try two bites of something new. One day she gave him a slimy looking food called papaya. To his surprise, that one bite of papaya started a strong fascination that led him to grow his own.",John knew his papaya farm needed new capital investment.
156,I have a favorite pair of socks. Last week I was doing laundry. One of the two was lost. I looked everywhere and couldn't find it.,I have a favorite pair of socks. Last week I was doing laundry. One of the two was lost. I looked everywhere and realized it was in the other hamper I forgot to check.,All my socks were accounted for.
157,Alex ran across town to get to a friends house. He didn't know his shoe was untied and tripped on that shoelace of his. He was frustrated and decided he would never run again. He decided to get his girlfriend to drive him around instead.,"Alex ran across town to get to a friends house. He didn't know his shoe was untied and tripped on that shoelace of his. He was frustrated and decided he would never run again. He started to look for a way to improve the public bus system, and he needed political influence.",Alex next ran for a seat on the school board.
158,"Nina wanted to skateboard. But she knew no other girls to teach her! So she bought her own skateboard. She began to skate on her own, slowly.","Nina wanted to play basketball. But she didn't know anyone to teach her! So she bought her own basketball. She began to play on her own, slowly.",Before long Nina was the best basketball player in the state.
159,Sal liked magic. He always tried to pulled tricks for his family. He tried to pull a rabbit out of his hat on day. But the hat ripped and the rabbit fell through.,"Sal liked magic. He always tried to pulled tricks for his family. He tried to pull a rabbit out of his hat on day. He ended up pulling not one, but three rabbits.",The people watching him congratulated him.
160,Lisa wanted to make a cake. First she had to decide what kind of cake she wanted to bake. After she had to go buy the ingredients. She decided to make a chocolate cake.,Lisa's boyfriend wanted her to make a cake. First he told her what kind of cake he wanted her to bake. After she had to go buy the ingredients on her own. It was so much tedious work for Lisa.,Lisa hated baking.
161,Javier always noticed the kids playing handball near his house. He wanted to join them but he was intimidated. One day he summoned the courage to play handball with them. He found that they were actually very nice.,Javier always noticed the kids playing handball near his house. He wanted to join them but he was intimidated. One day he summoned the courage to play handball with them. They told him he could join them if he brought snacks after school.,Javier went to the convenience store after school.
162,"Gordon bought his son a remote control car for Christmas. But he realized that it needed AA batteries. Gordon could not find any. So the next day, he went to the toy store where he bought the car.","Gordon bought his son a remote control car for Christmas. He showed his son how to play. He soon realized that he enjoyed playing with the car, too. So the next day, he went to the toy store where he bought the car.",He bought another remote control car for himself.
163,"Mim was driving down the highway in a bad snow storm. There was so much snow, Mim pulled her car over. She noticed other people were doing the same. She got an emergency blanket from the backseat, and ate a snack.","Mim was driving down the highway in a bad snow storm. There was so much snow, Mim pulled her car over. She noticed other people were doing the same. The storm cleared up after a few hours.",Mim pulled back onto the road and drove faster to make up time.
164,"Yesterday, my mother in law called, and wanted to go out to some store. She picked me up at 4:30, and we headed out. We went to one store after the other looking for good deals. Absolutely none of the stores had anything good to buy.","Yesterday, my mother in law called, and wanted to go out to some store. She picked me up at 4:30, and we headed out. We went to one store after the other looking for good deals. A few of them offered large discounts.",We brought home six bags of items.
165,Betsy ran everywhere she went. She was running to school when it happened. She tripped and flew several feet. She broke her arm in several places.,"Betsy ran everywhere she went. She was running to school everyday. She developed strong legs. The tennis coach, noticing how fit she was, recruited her for the team. ",Now Betsy played tennis every day after school.
167,The Malamute always sniffed at the slide during his walk. His owner walked him up to the platform one day. He was eager to slide down. They continued to do this every day on their walk.,The Malamute always sniffed at the slide during his walk. His owner walked him up to the platform one day. He was scared to slide down. He was so scared he peed himself ,The Malamute's owner never took him to the slide again.
168,"Today was Tim's birthday party. Since he was sick, he couldn't go out. However, the family decided to come to his out. We brought him a cake and take-out food.","Today was Tim's birthday party but he was sickt. However, the family decided to come to his out. We brought him a cake and take-out food. Tim was very tired and wanted a quiet day to rest.",Tim was annoyed by the attention.
169,"Frankie was in love with a distant, aloof man. The man she loved was not very nice to her. He cheated on her with other people in town. Frankie learned that he was cheating.","Frankie was in love with a distant, aloof man. The man she loved was not very nice to her. He cheated on her with other people in town. Frankie thought she could forgive and fix him.",Frankie stayed with him.
170,"Nancy was sitting near the science building. Ian tried to sneak close to her. She didn't notice until she looked around and saw Ian. Being playful, Ian threw a pie directly in her face.",Nancy was sitting near the science building. Ian tried to sneak close to her. She didn't notice until she looked around and saw Ian. Ian said she could have the pie if she caught it.,Nancy caught the pie and began to eat it.
171,George had an internship. He really wanted to get a full time job with the company. George worked hard and proved to be smart. A position finally opened up that George wanted.,George had an internship. He really wanted to get a full time job with the company. George worked hard and proved to be smart. Later George learned the company was unethical and he could no longer work there.,So he decided to go home early that day and quit his internship.
172,"All Kevin wanted in life was to buy his fiance a house. He became near obsessed, saving every penny. He worked multiple jobs and lived as a miser. His fiance had been supporting him all along, and finally after a year, Kevin had enough money for a down payment.","All Kevin wanted in life was to buy his fiance a house. He became near obsessed, saving every penny. He worked multiple jobs and lived as a miser. But he learned that his fiance had been cheating on him, so he abandoned their shared dream.",Kevin used the money that he had saved to buy a sports car.
173,Joe had an accountant. He never paid attention to his accountant. Until one day he realized he had no money. Joe furiously stormed into the accountant's office.,Joe had an accountant that he never paid attention to. Until one day he realized he had no money. Joe furiously stormed into the accountant's office and found out they quit. Joe had to clear his head.,Joe went for a run on the beach.
174,Sven was very poor and had very little to get by everyday. Sven's brother told him there was lots of money on the train. So Sven and his brother started a gang. They decided to rob the train to help themselves live a better life.,Sven despised the rich and wish they would be robbed. Sven's brother told him there was lots of money on the train. So Sven and his brother started a gang. They decided to rob the train to help those in need.,Sven donated the money to charity.
175,"John was diagnosed with bone cancer. He was sad and felt defeated. But, he decided to enroll in chemotherapy and fight the disease. He struggled for two years to overcome cancer.","John was diagnosed with bone cancer. He was sad and felt defeated. But, his wife enrolled him in chemotherapy and fight the disease. John got tired of fighting over the years and lost hope.",John hoped he would not get well.
176,"Everyone told Matt he ate too much red meat. He ignored all their warnings about red meat and health problems. One day after a juicy burger, Matt had a heart attack. Matt vowed to become a vegetarian after he left the hospital.","Everyone told Matt he ate too much red meat. He ignored all their warnings about red meat and health problems. One day after a juicy burger, Matt had a heart attack. After his surgery, Matt still wanted a final indulgence.",Matt celebrated leaving the hospital with a large steak.
178,I decided to rent a movie when friends came over last night. After looking through selections we decided on horror. We picked a great movie and sat down with popcorn. It was really scary!,I decided to rent a movie when friends came over last night. After looking through selections we decided on horror. We picked a bad movie and sat down with soggy popcorn. It was not scary at all.,Overall I was dissatisfied with the night.
179,Sandy is Louie's mother. Louie is a puppy. A nice family adopted Sandy. They decided to adopt Louie too.,Sandy is Louie's mother. Louie is a puppy. A family adopted Sandy. But they could not afford to adopt Louie along with Sandy.,"Louie walked across the sandy beach, lonely."
180,Lia was trying to lose weight. She cut out junk food and fatty foods. But she still struggled to lose weight. She began running every day on her treadmill on top of eating clean.,Lia was trying to lose weight. She could not cut down on the junk food and fatty foods. She began running every day on her treadmill. She would then reward herself by consuming many more calories.,She gained 50 pounds.
181,I cleaned my wedding ring. I first set it in the cleaner to soak. I then wiped it with the brush to make sure I got everything off. Then I put it back in the cleaner for a bit.,I cleaned my wedding ring. I first set it in the cleaner to soak. I realized the band was not real gold. My husband had been lying about the ring's value.,I decided to throw the ring away.
182,Gina liked to volunteer at a homeless shelter. She had spent years going there for many hours a week. The staff decided to do something to show their appreciation. They chipped in and got Gina a gift.,Gina liked to volunteer at a homeless shelter. The staff decided to do something to show their appreciation. They gifted her a gift card to a fast food restaurant that Gina turned out to hate. She took it as personal insult.,Gina stopped volunteering because she felt unappreciated.
183,Tom and Susan have been married for eight years. For the last week Susan has been nauseated every morning. This morning she took a pregnancy test which was positive. Susan planned a fancy dinner with candles to tell Tom the good news.,"Tom and Susan have been married for eight years. For the last week Susan has been nauseated every morning. This morning she took a pregnancy test which was positive. Susan planned to tell Tom the good news, but he died in a car accident on his way home.",She never told Tom.
184,Greg was playing ball by himself. He was bored. His friends came over. They asked what he wanted to do together.,Greg was playing ball by himself. He was bored. His friends came over. They ignored him and just scrolled on their own phones.,Greg was more bored than ever.
185,Pamela purchased an antique urn at a garage sale. She thinks it would look nice with the decor in her home. When she got home she noticed that someone's ashes were in there. Pamela returned the urn.,"Pamela purchased an antique urn at a garage sale. She thinks it would look nice with the decor in her home. When she got home, she searched the internet and realized the urn was recently sold at a high price at an auction. Because she had paid only a few dollars for it, she realized it was valuable. ",Pamela was happy about her purchase.
186,"Jane was excited to go home early for once. She worked cleaning offices at night. She was ahead of her normal schedule. When she got to the final office she noticed a huge mess, which would take her hours to clean up.",Jane was excited to go home early for once. She worked cleaning offices at night. When she got to an she noticed a huge mess. Her boss told her she would receive bonus payment for cleaning up the mess.,Jane was happy she had to stay and clean the office.
187,"Kate wanted to start a new viral campaign. Kate wanted to find a way for everyday citizens to do something kind. Kate decided to create a video about her campaign. After posting her video, Kate got an overwhelming number of supportive responses.","Kate wanted to start a new viral campaign. Kate wanted to find a way for everyday citizens to do something kind. Kate decided to create a video about her campaign. After posting her video, Kate got negative responses critizing her idea for being too simplistic.",Kate was disappointed.
188,"My husband and I rented a car on vacation. The car we got was horrible. The wipers didn't work, and a headlight was out. It smelled awful and was very dirty.",My husband and I rented a car on vacation. The car we got was impeccable. The wipers and lights were functional. It smelled nice and was very clean.,We look forward to renting from that same car company again.
189,"Fred receives a specialty coffee maker for Christmas. He finally opens it after leaving it in its box for a few weeks. Fred decides to make himself a cappuccino. To his surprise, it tastes just as good as the ones he buys outside.","Fred receives a specialty coffee maker for Christmas. He finally opens it. Fred decides to make himself a cappuccino. To his surprise, it did not taste good for the amount of effort it took to make himself the coffee.",Fred switched to tea and donated the coffee maker.
190,My mom always told me to brush my teeth. I didn't like to listen to my mom. I chose not to brush my teeth. I had to get them all pulled.,My mom always told me to brush my teeth. I listened to my mom. I brushed my teeth regularly. The dentist complimented them.,I have never been happier with my dental health.
191,"It was a very hot, dry summer. John's dad purchased a bird bath to help the animals survive. Within minutes of filling it, a cardinal hopped in. Throughout the day, John counted thirty birds that visited.","It was a very hot, dry summer. John's dad purchased a bird bath to help the animals survive. Within minutes of filling it, a cardinal hopped in. Throughout the day, the chirping of the birds bothered John.",John didn't like birds.
192,"The delivery man handed a package to me. I opened the box. Since nothing was inside, I tried shouting at the delivery man. He couldn't hear me and drove off.","The delivery man handed a package to me. Since nothing was inside, I tried shouting at the delivery man. He came back and reported the issue right away. He was willing to help me solve my problem.",I was happy with his service.
194,Lou was on a diet. She was eating very little. But she still struggled to lose weight! She did not like how she looked in jeans.,Lou was on a diet. She was eating very little. She managed to lose some weight. She thought she looked good in jeans.,Lou decided she had lost enough weight.
196,Joy's pastor asks her to sing at church. Joy practiced for weeks. Joy is very nervous about singing. Tonight is the big night and she is dressed for the occassion.,Joy's pastor asks her to sing at church. Joy practiced for weeks. Joy is very nervous about singing. She decides to showcase her juggling talent instead.,Joy's juggling act delights all.
197,Sara wanted to do something for her sister who has cancer. The chemo caused her sister to loose all her hair. Sara went to the hair salon and had her long hair cut short. She then had the hair made into a wig.,Sara wanted to do something for her sister who has cancer. The chemo caused her sister to loose all her hair. Sara went to buy a wig. Her sister did not lik the wig.,Sara threw the wig into the trash.
199,"Juanita had watched a scary movie. Now, she was having trouble falling asleep. Juanita tried turning on a nightlight and music. The room didn't feel so frightening anymore.","Juanita had watched a scary movie. Now, she was having trouble falling asleep. Juanita tried turning on the nightlight and heat. But somehow the room felt chillier and spookier.",She had the worst nightmare of her life.
200,Jane needed to earn some extra money. She remembered paid psychology experiments in college. Jane searched for paid experiments and found Mechanical Turk. She was now able to participate in psychology experiments at home.,Jane needed to earn some extra money. She remembered paid psychology experiments in college. Jane searched for paid experiments and found Mechanical Turk. She then learned that she could be paid better on another platform called Prolific.,Jane decided not to participate in psychology experiments on Mechanical Turk anymore.
201,"It was like any other Friday for Jay. He had just finished work and bought his weekly lottery ticket. After dinner, he waited patiently for the lottery results. He couldn't believe it when more than half his numbers were called.","It was like any other Friday for Jay. He had just finished work and bought his weekly lottery ticket. After dinner, he waited patiently for the lottery results. He couldn't believe it when none of his numbers were called.",He decided to stop watching and threw his ticket away.
202,"Larry was excited to eat steak for dinner. He made a reservation for seven. He eagerly waited all day for the time to arrive. When he got there, the waiter told him they were out of steak.","Larry was excited to eat steak for dinner. He made a reservation for seven. He eagerly waited all day for the time to arrive. When he got there, the waiter presented him with a selection of steak and wine pairing options.",He was very happy with the items on the menu.
203,"James has just started working at a company with a ping pong table. He has always wanted to play ping pong with a coworker. One day after work, his friend challenges him to a game. James plays very well, but eventually loses the game.","James has just started working at a company with a ping pong table. He has always wanted to play ping pong with a coworker. One day after work, his friend challenges him to a game. James plays very well, and beat everyone easily.",James was worried because he beat his boss at ping pong.
204,Joyce wanted to rent a movie. She didn't know that Netflix offered online streaming. She went to the video store to find something to watch. Someone there told her about Netflix Instant Streaming.,"Joyce wanted to rent a movie. She went to the video store to find something to watch. While looking at the movies, her stomach rumbled. The idea of a sweet snack became her new priority.",Joyce decided to buy a cookie instead.
205,"Lester has always loved academic debate. He decides to found a debate team at his college. He finds a professor to advise the team, and slowly recruits students. Soon the team is large enough to debate another school.",,Lester's team plays against the other school's basketball team.
206,"Jessica wanted a pony for her birthday more than anything. In the days coming up to it, she asked her dad for a pony. He said he would think about it. He gave Jessica a pony shaped box on her special day.","Jessica wanted a puppy for her birthday more than anything. In the days coming up to it, she asked her dad for a puppy. He said he would think about it. He gave Jessica a puppy on her special day.",Jessica loved the puppy she got from her dad.
207,Sal was jumping rope. Then he tripped and fell. He twisted his ankle as he went down. He needed to wear a brace for three weeks and the doctor told him to refrain from jumping as it was bad for his knee joints.,Sal was jumping rope. Then he tripped and fell. He twisted his ankle as he went down. The doctor said the injury could have been much worse without his strong leg muscles developmed from jumping.,Sal was glad he decided to jump rope.
209,We got in the car to go to the zoo. I couldn't wait to see the zebra. We walked around and saw so many animals. I got to see the zebra play.,We got in the car to go to the zoo. My sister couldn't wait to see the zebra. We walked around and saw so many animals. My sister made me watch the zebra play.,But I didn't like zebras.
210,Rocket was the nickname of Jose. He was nicknamed that because of his speed. One day he was running track at school tournament. He won first place as the fastest kid in school.,Rocket was the nickname of Jose. He was nicknamed that because of his speed. One day he was running track at school tournament. He tripped before the finish line and lost first place.,Jose was embarrassed that he had lost.
211,"Bob had a young puppy. The puppy loved to play catch with Bob. Of course, the puppy grew into a dog. The dog grew old and could no longer play catch.","Bob had a young puppy. The puppy loved to play catch with Bob. Of course, the puppy grew into a dog. The dog grew old but still loved to play catch.",Bob was very happy about this.
212,Jennifer forgot to close the front door when she got home. By the time she noticed her pet cat had disappeared. She walked around the neighborhood calling for the cat. She made flyers with her contact information.,"Jennifer forgot to close the front door when she got home. By the time she noticed her pet cat had disappeared. Her friend brought over her dog, who was an expert tracker. They thought the dog could sniff out the cat.",Jennifer decided to walk her friend's dog around the block.
213,Peter's friends invite him for a small Halloween party. He arrives late and hasn't had time to eat dinner. A friend offers him a slice of pumpkin pie at the party. The pie is delicious and it has whipped cream on the side.,Peter's friends invite him for a small Halloween party. He arrives late and hasn't had time to eat dinner. A friend teased him for being late. They left no food for him.,Peter was mad at his friends.
214,Dan loves the sport of bowling. His dad taught him how to play when he was little. They used to compete in tournaments together. They had fond memories of bowling together.,Dan loves the sport of bowling. His dad taught him how to play when he was little. But his dad has since passed away. Bowling became a painful memory.,Dan decided not to bowl again.
215,Billy would wake up every morning and get ready for school. First he would take a shower to start getting ready. Next Billy would have to get dressed. After he was fully clothed he would eat breakfast.,Billy would wake up at the last minute every morning for school. He would not have time to shower and barely any to get dressed. He would forget his breakfast. He would forget his books too.,Billy was very disorganized.
216,Bob loved to watch movies. He was looking forward to a three day weekend coming up. He made a list of his favorite movies and invited some friends over. He spent the weekend with his friends watching all his favorite movies.,"Bob loved to watch movies. He was looking forward to a three day weekend coming up. He made a list of his favorite movies and invited some friends over. His friends called his movie selection ""stupid.""",Bob stopped talking to those friends.
217,Mike had a free Saturday. He drove to several car dealers. He was interested in seeing potential future cars for himself. Mike decided to buy a Jeep.,Mike had a free Saturday. He drove to several car dealers. He was interested in seeing potential future cars for himself. Mike asked for a Land Rover.,Mike never liked Jeeps.
219,Gregory took a pottery class at a nearby night school. He was terrible at sculpture. He grew to like throwing pots on pottery wheels very much. Eventually he was making pots half as tall as he was.,"Gregory took a pottery class at a nearby night school. He grew to like throwing pots on pottery wheels very much. But he did not want to use the pots. Rather, he found destroying pots invigorating.",He broke all of the pots he made.
221,I play the lottery a lot and I always lose. This year alone I've played over one hundred times. I did the math to see how much money I would have if I never played. Turns out I would have thousands more in my pocket.,I play the lottery a lot and I always lose. This year alone I've played over one hundred times. I didn’t do the math to see how much money I would have if I never played. I care about the gambling more than the earning.,I now play twice as much.
222,A man went into the library and grabbed some random books. He hid them in other parts of the library. The librarian stopped him and asked what he was doing. The man said he was trying to stop people from reading.,A man went into the library and grabbed some random books. He hid them in other parts of the library. The librarian stopped him and asked what he was doing. The man said he was reorganizing the books that had been placed on the wrong shelves. ,The librarian thanked the man.
301,"In 2005, I went to St Anselm College to play chess. My friend was a professor there. I was on a great streak and did not lose any games! I was so motivated to continue playing chess.","In 2005, I went to St Anselm College to play chess. My friend was a professor there. I was on a bad streak and lost all the games! After losing at chess, I realized I prefer team sports where I can rely on others.",I think I will start playing football.
8662,Aubrey just got a new job and already liked their coworkers.,Aubrey just got a new job but did not like their coworkers.,Aubrey will want to quit the job immediately.
1715,"Lucy placed a pan of food into the oven. She set a timer and sat down to watch television. After awhile, she smelled smoke. Quickly, she checked the timer and realized it never went off.","Lucy placed a pan of food into the oven. She set a timer and sat down to watch television. After awhile, she smelled aroma coming from the kitchen as the timer went off.",Lucy realized the meal was perfectly cooked.
5582,Cameron tasted the sauce that their girlfriend made. Cameron said it tasted delicious.,Cameron tasted the sauce that their girlfriend made. Cameron hated it.,Cameron is unsatisfied.
9485,Robin received documents from her employee that were not very good.,Robin received documents from her employee that were very good.,Robin is ecstatic.
7764,"Casey was always a hard person to please, she never gave Cameron credit for the good things he did.","Casey was always a hard person to please, but she always gave Cameron credit for the good things he did.",Cameron will become Casey's best friend.
8982,Jesse goes to a casino every time they have extra money. Jesse never leaves until they lose every cent of their money.,"Jesse goes to a casino every time they have extra money, but she always leaves  before they lose any cent of their money.",Jesse has a lot of money.
1548,Last night was very scary. We had a tornado warning and terrible thunderstorms. Unfortunately my concert for violin was not canceled. I was required to show up but during the performance lights went out.,Last night was very scary. We had a tornado warning and terrible thunderstorms. Unfortunately my concert for violin was not canceled. I was required to show up and I performed flawlessly despite the weather.,Nobody seemed to notice what had happened.
3855,"Jordan was going to the mall to go shopping for some shoes. Jordan invited Jesse to come with him. Jesse said yes. Like Jordan, Jesse was also interested in getting some shoes.",Jordan was going to the mall to go shopping for some shoes. Jordan invited Jesse to come with him. Jesse said no. Jordan felt hurt by Jesse's decline and no longer felt in the mood to shop.,Jordan stayed at home instead.
482,"My friends and I got invited to a party at college. We got all dressed up for the exciting event. We were all so excited to have fun! At the party, we danced the whole time.",My friends and I did not get invited to a party at college. We did not get dressed up. We were all so upset and did not have fun because we could not dance at the party.,We hate parties.
6356,Ash welcomed Jan back into the group and everyone took him out for dinner.,Ash excluded Jan from the group and everyone went to dinner without Jan.,Jan will be upset.
1019,Dave gathered up all of his beach gear. He took the day off just so he could spend it on the beach. When he went outside he discovered it was much too dark. The sky was full of black storm clouds.,Dave gathered up all of his beach gear. He took the day off just so he could spend it on the beach. When he went outside he discovered it was sunny. The sky was blue and cloudless.,Dave was so relieved!
10954,Quinn invited their family over to their home for Thanksgiving dinner.,Quinn did not invited their family over to their home for Thanksgiving dinner.,Quinn will decide to go on vacation instead of hosting the dinner.